{"cameraMode":{"drawMode":0,"name":"Shaded","section":"Shading Mode"},"sceneLighting":false,"audioPlay":false,"sceneViewState":{"showFog":false,"showMaterialUpdate":false,"showSkybox":false,"showFlares":false,"showImageEffects":false,"showParticleSystems":true},"in2DMode":false,"pivot":{"x":-0.27000001072883608,"y":2.4148523807525636,"z":-5.861570835113525},"rotation":{"x":0.08219204843044281,"y":0.07198875397443772,"z":-0.005952442530542612,"w":0.9939953088760376},"size":24.884716033935548,"orthographic":false}